id,nombres,apellidos,correo,celular
C00000001,John,Mcguire,john_mcguire@outlook.com,10815378
C00000002,Heidi,Valdez,heidi_valdez@gmail.com,38114121
C00000003,Valerie,Carney,valerie_carney@gmail.com,25124028
C00000004,Samuel,Hernandez,samuel_hernandez@outlook.com,60515369
C00000005,Christine,Harrison,christine_harrison@hotmail.com,32513138
C00000006,Julie,Reed,julie_reed@gmail.com,53150955
C00000007,Paul,Cruz,paul_cruz@gmail.com,03348075
C00000008,Samantha,Dawson,samantha_dawson@example.org,68215119
C00000009,David,Walsh,david_walsh@gmail.com,19908022
C00000010,Brandon,Patterson,brandon_patterson@example.org,22437794
C00000011,Patrick,Franklin,patrick_franklin@example.org,56466988
C00000012,Cody,Martinez,cody_martinez@example.org,99686776
C00000013,Joseph,Allen,joseph_allen@outlook.com,49895976
C00000014,Melissa,Buck,melissa_buck@example.org,86643387
C00000015,Matthew,Velez,matthew_velez@hotmail.com,98294068
C00000016,Zachary,Green,zachary_green@outlook.com,87584583
C00000017,Antonio,Howard,antonio_howard@hotmail.com,49371869
C00000018,Michelle,Mccann,michelle_mccann@outlook.com,47510537
C00000019,Keith,Allen,keith_allen@outlook.com,79186082
C00000020,Megan,Ball,megan_ball@gmail.com,77644747
C00000021,Heidi,Dennis,heidi_dennis@outlook.com,76204453
C00000022,Lindsay,Bailey,lindsay_bailey@example.org,10283654
C00000023,Valerie,Mitchell,valerie_mitchell@outlook.com,23915066
C00000024,Lindsay,Hart,lindsay_hart@outlook.com,06372971
C00000025,Jennifer,Newton,jennifer_newton@example.org,17455671
C00000026,Deanna,Gonzales,deanna_gonzales@example.org,57709467
C00000027,Deanna,Davis,deanna_davis@gmail.com,72373551
C00000028,Ashley,Cardenas,ashley_cardenas@hotmail.com,59903794
C00000029,Tammy,Taylor,tammy_taylor@example.org,87834788
C00000030,Charles,Palmer,charles_palmer@hotmail.com,06295676
C00000031,Joseph,Mendez,joseph_mendez@hotmail.com,32162790
C00000032,Rebecca,Freeman,rebecca_freeman@hotmail.com,03695515
C00000033,Randy,Stone,randy_stone@outlook.com,72649451
C00000034,James,Hunter,james_hunter@outlook.com,17502937
C00000035,Mia,Kim,mia_kim@example.org,02187552
C00000036,Amy,Kerr,amy_kerr@outlook.com,49986670
C00000037,Jacob,Smith,jacob_smith@gmail.com,23656569
C00000038,James,Gonzalez,james_gonzalez@gmail.com,48741338
C00000039,Tamara,Mendez,tamara_mendez@example.org,43622414
C00000040,Don,Harper,don_harper@outlook.com,49700644
C00000041,Chloe,Rodriguez,chloe_rodriguez@outlook.com,45666926
C00000042,Cindy,Cunningham,cindy_cunningham@example.org,76470217
C00000043,Bryan,Glass,bryan_glass@example.org,62325920
C00000044,Christian,Dawson,christian_dawson@gmail.com,95230381
C00000045,Andrea,Buck,andrea_buck@outlook.com,29627927
C00000046,Stephen,Decker,stephen_decker@outlook.com,80212275
C00000047,John,Robinson,john_robinson@hotmail.com,07269154
C00000048,Samantha,Ferrell,samantha_ferrell@gmail.com,10740008
C00000049,Erin,Alexander,erin_alexander@example.org,20984625
C00000050,Heidi,Rivers,heidi_rivers@gmail.com,95648396
C00000051,Kaitlin,Moore,kaitlin_moore@example.org,30477804
C00000052,Michael,Hill,michael_hill@example.org,09776504
C00000053,Jeremy,King,jeremy_king@gmail.com,17027260
C00000054,Connie,Benson,connie_benson@gmail.com,79597740
C00000055,Christopher,Moore,christopher_moore@hotmail.com,22337578
C00000056,Crystal,Tyler,crystal_tyler@hotmail.com,96045005
C00000057,Barbara,Gonzalez,barbara_gonzalez@hotmail.com,11416673
C00000058,Janice,Nielsen,janice_nielsen@gmail.com,31769147
C00000059,Caleb,Hanson,caleb_hanson@example.org,06624717
C00000060,William,Kennedy,william_kennedy@example.org,27677143
C00000061,Catherine,Burns,catherine_burns@gmail.com,09905608
C00000062,Garrett,Mitchell,garrett_mitchell@gmail.com,16960799
C00000063,Charles,Johnson,charles_johnson@hotmail.com,17002267
C00000064,Megan,French,megan_french@example.org,86042076
C00000065,Tiffany,Rosario,tiffany_rosario@outlook.com,56776778
C00000066,Jose,Taylor,jose_taylor@gmail.com,63357248
C00000067,Ryan,Flores,ryan_flores@example.org,34861679
C00000068,Michael,Roberts,michael_roberts@gmail.com,38187594
C00000069,Stefanie,Dunn,stefanie_dunn@gmail.com,30926601
C00000070,Jennifer,Evans,jennifer_evans@hotmail.com,33392911
C00000071,Brian,Escobar,brian_escobar@gmail.com,00845012
C00000072,Vernon,Harris,vernon_harris@gmail.com,34886118
C00000073,David,Miller,david_miller@gmail.com,53056770
C00000074,Connie,Bailey,connie_bailey@example.org,23696690
C00000075,David,Adams,david_adams@gmail.com,12431365
C00000076,Steve,Cross,steve_cross@example.org,61150808
C00000077,Debbie,Maddox,debbie_maddox@gmail.com,07098757
C00000078,Tracey,Perez,tracey_perez@example.org,71264329
C00000079,Wendy,Davidson,wendy_davidson@hotmail.com,37171858
C00000080,Patricia,Powell,patricia_powell@hotmail.com,97695713
C00000081,Christopher,Bridges,christopher_bridges@hotmail.com,59925582
C00000082,Andrew,Martinez,andrew_martinez@example.org,21043869
C00000083,Christopher,Smith,christopher_smith@hotmail.com,99872797
C00000084,Garrett,Lopez,garrett_lopez@outlook.com,94008984
C00000085,Linda,Patterson,linda_patterson@hotmail.com,56890996
C00000086,Amber,Edwards,amber_edwards@outlook.com,10436264
C00000087,Matthew,Richards,matthew_richards@outlook.com,88006336
C00000088,Deanna,Pittman,deanna_pittman@outlook.com,46654794
C00000089,Brian,Hanson,brian_hanson@example.org,80581753
C00000090,Joshua,Martin,joshua_martin@example.org,43974767
C00000091,Margaret,Bonilla,margaret_bonilla@outlook.com,16401670
C00000092,Cameron,Greer,cameron_greer@outlook.com,93671737
C00000093,Natalie,Kim,natalie_kim@example.org,12370453
C00000094,Chelsea,Zhang,chelsea_zhang@outlook.com,03808063
C00000095,Christopher,Ward,christopher_ward@example.org,81347849
C00000096,Robert,Noble,robert_noble@outlook.com,12103035
C00000097,Elizabeth,Terrell,elizabeth_terrell@hotmail.com,05786239
C00000098,Jacob,Taylor,jacob_taylor@hotmail.com,00947029
C00000099,Allison,Kirby,allison_kirby@outlook.com,88712061
C00000100,John,Bass,john_bass@outlook.com,31901417
C00000101,Bob,Lucas,bob_lucas@example.org,72017505
C00000102,Jerry,Lopez,jerry_lopez@gmail.com,27836494
C00000103,Michael,Blackwell,michael_blackwell@hotmail.com,58237097
C00000104,Pamela,Grant,pamela_grant@hotmail.com,52692693
C00000105,Eric,Williamson,eric_williamson@hotmail.com,89719896
C00000106,Daniel,Velasquez,daniel_velasquez@example.org,14328852
C00000107,Anna,Mcintyre,anna_mcintyre@outlook.com,80826817
C00000108,Scott,Lopez,scott_lopez@outlook.com,78833057
C00000109,Jessica,Blake,jessica_blake@gmail.com,37329518
C00000110,Michelle,Carlson,michelle_carlson@hotmail.com,22708247
C00000111,Jonathan,Gallegos,jonathan_gallegos@hotmail.com,70898458
C00000112,Aaron,Hardy,aaron_hardy@outlook.com,36366474
C00000113,James,Schaefer,james_schaefer@outlook.com,53981717
C00000114,Erik,Little,erik_little@example.org,50672437
C00000115,Anthony,Hardin,anthony_hardin@gmail.com,50686756
C00000116,Amber,Wilson,amber_wilson@example.org,14650047
C00000117,Daniel,Lee,daniel_lee@outlook.com,49345805
C00000118,Melissa,Castro,melissa_castro@outlook.com,93347528
C00000119,Shannon,Ortiz,shannon_ortiz@hotmail.com,32744529
C00000120,Jason,Guerra,jason_guerra@outlook.com,06767391
C00000121,David,Murphy,david_murphy@hotmail.com,80820629
C00000122,Michelle,Torres,michelle_torres@outlook.com,70277558
C00000123,Karen,Roman,karen_roman@gmail.com,28877782
C00000124,Katie,Banks,katie_banks@gmail.com,19789752
C00000125,Kelly,Cruz,kelly_cruz@outlook.com,43308825
C00000126,Jennifer,Reed,jennifer_reed@example.org,29073077
C00000127,Courtney,Ward,courtney_ward@gmail.com,24448064
C00000128,Lauren,Gomez,lauren_gomez@hotmail.com,16108960
C00000129,Charlotte,Goodwin,charlotte_goodwin@gmail.com,42857036
C00000130,Jermaine,Sanchez,jermaine_sanchez@gmail.com,90781767
C00000131,Martin,Kelly,martin_kelly@gmail.com,69864703
C00000132,Jessica,Thompson,jessica_thompson@gmail.com,03365152
C00000133,Kevin,Young,kevin_young@hotmail.com,98240601
C00000134,Chad,Spencer,chad_spencer@outlook.com,74961872
C00000135,Keith,Johnson,keith_johnson@example.org,77491484
C00000136,Edward,Torres,edward_torres@hotmail.com,81670966
C00000137,Debbie,Wilson,debbie_wilson@outlook.com,98382565
C00000138,Alexander,Garcia,alexander_garcia@hotmail.com,52997070
C00000139,Lori,Richardson,lori_richardson@example.org,12198321
C00000140,Benjamin,Ramirez,benjamin_ramirez@outlook.com,77161330
C00000141,Sarah,Holland,sarah_holland@hotmail.com,16974776
C00000142,Victoria,Horne,victoria_horne@gmail.com,86123948
C00000143,Dan,Coleman,dan_coleman@outlook.com,14296997
C00000144,Lisa,Faulkner,lisa_faulkner@hotmail.com,04924266
C00000145,Alison,Fisher,alison_fisher@example.org,49225973
C00000146,David,Wilson,david_wilson@example.org,25458842
C00000147,Alexandra,Allen,alexandra_allen@example.org,69607526
C00000148,Jack,Thompson,jack_thompson@gmail.com,12674453
C00000149,Eileen,Short,eileen_short@outlook.com,74065136
C00000150,April,Mercado,april_mercado@outlook.com,13629875
C00000151,Shane,Allen,shane_allen@example.org,87653632
C00000152,Stephen,Shepard,stephen_shepard@example.org,04368531
C00000153,Raymond,Santiago,raymond_santiago@hotmail.com,73714072
C00000154,Tony,Williams,tony_williams@example.org,81478916
C00000155,Dawn,Aguirre,dawn_aguirre@hotmail.com,55698578
C00000156,Jason,Walsh,jason_walsh@gmail.com,84325495
C00000157,Sharon,Nguyen,sharon_nguyen@example.org,93211468
C00000158,Ashley,Young,ashley_young@example.org,16957976
C00000159,John,Acevedo,john_acevedo@gmail.com,14557109
C00000160,Tracy,Allen,tracy_allen@example.org,19338156
C00000161,Michael,Odonnell,michael_odonnell@gmail.com,72392664
C00000162,Melissa,Harding,melissa_harding@outlook.com,38114552
C00000163,Denise,Ford,denise_ford@hotmail.com,14490986
C00000164,David,Gibson,david_gibson@gmail.com,43946592
C00000165,Richard,Baxter,richard_baxter@outlook.com,84814872
C00000166,Jessica,Murray,jessica_murray@hotmail.com,74460368
C00000167,Daniel,Thomas,daniel_thomas@hotmail.com,76711181
C00000168,Michael,Brennan,michael_brennan@gmail.com,31640820
C00000169,Michelle,Luna,michelle_luna@example.org,43850126
C00000170,Brandi,Jenkins,brandi_jenkins@outlook.com,29107740
C00000171,Mary,Boyer,mary_boyer@gmail.com,93131090
C00000172,James,Ashley,james_ashley@gmail.com,26850608
C00000173,Jennifer,Gordon,jennifer_gordon@gmail.com,20254280
C00000174,Jacqueline,Randall,jacqueline_randall@gmail.com,34877934
C00000175,Marcia,Chen,marcia_chen@outlook.com,35998147
C00000176,Dylan,Bell,dylan_bell@hotmail.com,72580865
C00000177,Joshua,Klein,joshua_klein@outlook.com,50277020
C00000178,Angela,Norris,angela_norris@example.org,14502012
C00000179,Crystal,Bird,crystal_bird@example.org,39865915
C00000180,Kyle,Williams,kyle_williams@outlook.com,01277538
C00000181,April,Gallegos,april_gallegos@hotmail.com,79024249
C00000182,Gregory,Henry,gregory_henry@outlook.com,17024640
C00000183,Jennifer,Gonzalez,jennifer_gonzalez@hotmail.com,75898855
C00000184,Joseph,Garcia,joseph_garcia@hotmail.com,36486393
C00000185,Ryan,Chavez,ryan_chavez@outlook.com,10239947
C00000186,Aimee,Hartman,aimee_hartman@example.org,34229812
C00000187,Cindy,Berg,cindy_berg@hotmail.com,36566754
C00000188,Brittany,Mitchell,brittany_mitchell@outlook.com,91769687
C00000189,Robert,Davenport,robert_davenport@hotmail.com,65002319
C00000190,John,Nolan,john_nolan@gmail.com,12900471
C00000191,Benjamin,Burton,benjamin_burton@hotmail.com,71484757
C00000192,Morgan,Walker,morgan_walker@hotmail.com,96199208
C00000193,Linda,Cunningham,linda_cunningham@example.org,75874854
C00000194,Dan,Garcia,dan_garcia@hotmail.com,32607094
C00000195,Jeffrey,Guerra,jeffrey_guerra@gmail.com,02415642
C00000196,Chelsea,Pierce,chelsea_pierce@outlook.com,20708056
C00000197,Kathleen,Perry,kathleen_perry@hotmail.com,17449066
C00000198,John,Mullins,john_mullins@outlook.com,87265403
C00000199,Heather,Hanson,heather_hanson@outlook.com,21113239
C00000200,Steven,Figueroa,steven_figueroa@hotmail.com,18207276
C00000201,Earl,Johnson,earl_johnson@hotmail.com,38507175
C00000202,Robert,Duffy,robert_duffy@outlook.com,90287137
C00000203,Wayne,Hayes,wayne_hayes@hotmail.com,02982692
C00000204,Debra,Houston,debra_houston@hotmail.com,18556194
C00000205,Deborah,Wilson,deborah_wilson@outlook.com,42539228
C00000206,Isabella,Jones,isabella_jones@outlook.com,43557577
C00000207,Benjamin,Clark,benjamin_clark@outlook.com,44845412
C00000208,Melissa,Carter,melissa_carter@outlook.com,85026320
C00000209,Christopher,Sawyer,christopher_sawyer@outlook.com,83439393
C00000210,Kimberly,Garcia,kimberly_garcia@outlook.com,71976386
C00000211,Samantha,Ross,samantha_ross@hotmail.com,53257078
C00000212,Danielle,Aguilar,danielle_aguilar@outlook.com,51945919
C00000213,John,Riley,john_riley@example.org,67477012
C00000214,Patricia,Hobbs,patricia_hobbs@hotmail.com,78509081
C00000215,Cory,Sutton,cory_sutton@outlook.com,65613608
C00000216,John,Lewis,john_lewis@example.org,38792286
C00000217,Cameron,Vaughan,cameron_vaughan@example.org,35085684
C00000218,Jennifer,Andrews,jennifer_andrews@outlook.com,05193892
C00000219,Laurie,Patterson,laurie_patterson@outlook.com,97712213
C00000220,Angel,Thomas,angel_thomas@example.org,76935038
C00000221,Jason,West,jason_west@outlook.com,06125004
C00000222,William,Lopez,william_lopez@hotmail.com,37909051
C00000223,Matthew,Vega,matthew_vega@hotmail.com,30656502
C00000224,Kelsey,Maddox,kelsey_maddox@example.org,82090217
C00000225,Alexander,Flores,alexander_flores@hotmail.com,03061236
C00000226,Anita,Schroeder,anita_schroeder@example.org,32227756
C00000227,Sonya,Sims,sonya_sims@gmail.com,30609418
C00000228,James,Gibbs,james_gibbs@gmail.com,15735331
C00000229,Ann,Silva,ann_silva@gmail.com,99005867
C00000230,Nancy,Torres,nancy_torres@example.org,59801706
C00000231,Gabriella,Garcia,gabriella_garcia@outlook.com,90597058
C00000232,Chad,Flores,chad_flores@gmail.com,77559774
C00000233,Veronica,Bruce,veronica_bruce@hotmail.com,87463718
C00000234,Robert,Thornton,robert_thornton@example.org,13869337
C00000235,Juan,Diaz,juan_diaz@gmail.com,17816218
C00000236,Mary,Gibson,mary_gibson@outlook.com,55223318
C00000237,Wayne,Peterson,wayne_peterson@example.org,17322760
C00000238,Sharon,Mcdonald,sharon_mcdonald@outlook.com,38979333
C00000239,Diane,Berry,diane_berry@hotmail.com,80837819
C00000240,Caleb,Campbell,caleb_campbell@gmail.com,84176642
C00000241,Kimberly,Ross,kimberly_ross@example.org,54585290
C00000242,Robert,Taylor,robert_taylor@outlook.com,88853634
C00000243,Jennifer,Lee,jennifer_lee@example.org,25322435
C00000244,Kevin,Williams,kevin_williams@example.org,06880863
C00000245,Katherine,Santana,katherine_santana@outlook.com,07051267
C00000246,Brian,Sheppard,brian_sheppard@example.org,80857416
C00000247,Jennifer,Ramirez,jennifer_ramirez@outlook.com,36262200
C00000248,Francisco,Mora,francisco_mora@example.org,39049280
C00000249,Christine,Meyer,christine_meyer@outlook.com,94333495
C00000250,Taylor,Kirk,taylor_kirk@gmail.com,08587752
C00000251,Cody,Andrews,cody_andrews@outlook.com,00489513
C00000252,Mark,Houston,mark_houston@example.org,07676828
C00000253,Robin,Gomez,robin_gomez@gmail.com,10337554
C00000254,Jeremiah,Harris,jeremiah_harris@example.org,73817493
C00000255,Crystal,Robles,crystal_robles@hotmail.com,15749589
C00000256,David,Velasquez,david_velasquez@gmail.com,38296367
C00000257,Melissa,Solomon,melissa_solomon@outlook.com,50818270
C00000258,Jasmine,Preston,jasmine_preston@hotmail.com,99682428
C00000259,Chelsea,Johnson,chelsea_johnson@example.org,39519114
C00000260,Gregory,Thompson,gregory_thompson@outlook.com,00159492
C00000261,Joshua,Morton,joshua_morton@outlook.com,27399102
C00000262,Candace,Green,candace_green@hotmail.com,12982735
C00000263,Crystal,Smith,crystal_smith@hotmail.com,62005729
C00000264,Carmen,Chung,carmen_chung@outlook.com,56157955
C00000265,Debbie,Neal,debbie_neal@hotmail.com,35428618
C00000266,Shawn,Khan,shawn_khan@gmail.com,76736989
C00000267,Maria,Hart,maria_hart@outlook.com,96635956
C00000268,Michael,Morales,michael_morales@hotmail.com,72518688
C00000269,James,Owen,james_owen@gmail.com,72285453
C00000270,Jessica,Bell,jessica_bell@outlook.com,39054089
C00000271,Paul,Castro,paul_castro@hotmail.com,71234758
C00000272,Tammy,Powers,tammy_powers@hotmail.com,12821809
C00000273,Brett,Fernandez,brett_fernandez@example.org,40092446
C00000274,Jeffrey,Montgomery,jeffrey_montgomery@outlook.com,24698208
C00000275,Lauren,Edwards,lauren_edwards@gmail.com,38155582
C00000276,Rose,Turner,rose_turner@outlook.com,14783949
C00000277,Sandra,Harvey,sandra_harvey@gmail.com,60312257
C00000278,Erik,Calderon,erik_calderon@hotmail.com,10444229
C00000279,Sheri,Campbell,sheri_campbell@example.org,43566102
C00000280,Patricia,Thompson,patricia_thompson@hotmail.com,86428877
C00000281,Donald,Lewis,donald_lewis@outlook.com,63125355
C00000282,Jonathan,Evans,jonathan_evans@hotmail.com,64848494
C00000283,Autumn,Sparks,autumn_sparks@hotmail.com,02861511
C00000284,Andrew,Cisneros,andrew_cisneros@hotmail.com,48673582
C00000285,Joseph,Williams,joseph_williams@hotmail.com,75250086
C00000286,Lori,Barnes,lori_barnes@outlook.com,14865961
C00000287,Jacob,Wood,jacob_wood@example.org,08218764
C00000288,Alexandra,Tyler,alexandra_tyler@example.org,10760692
C00000289,Jon,Williams,jon_williams@example.org,76603520
C00000290,Amanda,Ortiz,amanda_ortiz@example.org,34545021
C00000291,Eric,Lee,eric_lee@gmail.com,81089633
C00000292,Michelle,Rivera,michelle_rivera@hotmail.com,65808696
C00000293,Jennifer,Owen,jennifer_owen@example.org,80490278
C00000294,Melissa,Rodriguez,melissa_rodriguez@gmail.com,04604327
C00000295,Patricia,Ritter,patricia_ritter@example.org,50182875
C00000296,Samantha,Paul,samantha_paul@example.org,73840674
C00000297,James,Thompson,james_thompson@outlook.com,44825897
C00000298,Derek,Adams,derek_adams@outlook.com,13237026
C00000299,Justin,Jones,justin_jones@outlook.com,46381865
C00000300,Benjamin,Villanueva,benjamin_villanueva@outlook.com,13512654
C00000301,Brent,Lawrence,brent_lawrence@outlook.com,47515196
C00000302,Theresa,Brooks,theresa_brooks@outlook.com,45326414
C00000303,Brendan,Novak,brendan_novak@hotmail.com,06166000
C00000304,Jerome,Campbell,jerome_campbell@hotmail.com,52701707
C00000305,Joseph,Fisher,joseph_fisher@hotmail.com,03526032
C00000306,Andrea,Hernandez,andrea_hernandez@hotmail.com,14969099
C00000307,Brenda,Ballard,brenda_ballard@hotmail.com,03805700
C00000308,Brittney,Gibbs,brittney_gibbs@outlook.com,49363363
C00000309,Joseph,Jones,joseph_jones@outlook.com,58778501
C00000310,Chelsey,Taylor,chelsey_taylor@gmail.com,95192033
C00000311,Patricia,Foster,patricia_foster@outlook.com,47705847
C00000312,Connor,Jackson,connor_jackson@hotmail.com,12715701
C00000313,Brian,Hancock,brian_hancock@hotmail.com,28062879
C00000314,Matthew,Cooper,matthew_cooper@outlook.com,70568598
C00000315,Jamie,Martinez,jamie_martinez@gmail.com,40461138
C00000316,Karen,Barnes,karen_barnes@hotmail.com,61320156
C00000317,Cheyenne,Chavez,cheyenne_chavez@example.org,45172470
C00000318,Brianna,Robinson,brianna_robinson@example.org,90428036
C00000319,Michael,Hudson,michael_hudson@gmail.com,69691441
C00000320,Candace,Johnson,candace_johnson@outlook.com,25536205
C00000321,Mary,Ferguson,mary_ferguson@outlook.com,49297195
C00000322,Cynthia,Castro,cynthia_castro@gmail.com,95840345
C00000323,Danielle,Aguilar,danielle_aguilar@example.org,37564609
C00000324,Debra,Hamilton,debra_hamilton@hotmail.com,11355083
C00000325,Vanessa,Ellis,vanessa_ellis@hotmail.com,01912200
C00000326,Denise,Greene,denise_greene@hotmail.com,76092542
C00000327,Michael,Rose,michael_rose@outlook.com,13647241
C00000328,Dustin,Walsh,dustin_walsh@example.org,49980775
C00000329,Charles,Marks,charles_marks@gmail.com,24250262
C00000330,Jeffery,Schneider,jeffery_schneider@outlook.com,48331419
C00000331,Melissa,Romero,melissa_romero@gmail.com,61219675
C00000332,Becky,Oneal,becky_oneal@gmail.com,92013230
C00000333,Amy,Jordan,amy_jordan@example.org,42981291
C00000334,Laura,Williams,laura_williams@outlook.com,92982746
C00000335,Kelly,Crane,kelly_crane@example.org,51163267
C00000336,Jessica,Monroe,jessica_monroe@example.org,16402974
C00000337,Shawn,Perez,shawn_perez@outlook.com,33348657
C00000338,Rebecca,Garcia,rebecca_garcia@outlook.com,21161500
C00000339,Gerald,Gonzalez,gerald_gonzalez@outlook.com,34925282
C00000340,John,Wells,john_wells@gmail.com,10796422
C00000341,Julie,Foster,julie_foster@hotmail.com,04725731
C00000342,David,Perez,david_perez@gmail.com,41601567
C00000343,Lisa,Ball,lisa_ball@example.org,27943488
C00000344,John,Woods,john_woods@example.org,57665514
C00000345,Daniel,Rocha,daniel_rocha@hotmail.com,10764389
C00000346,Arthur,Johnson,arthur_johnson@example.org,07048048
C00000347,Samuel,Jackson,samuel_jackson@hotmail.com,63333024
C00000348,William,Benitez,william_benitez@outlook.com,19544938
C00000349,Gregory,Meyers,gregory_meyers@outlook.com,13382173
C00000350,Robert,Cooley,robert_cooley@outlook.com,06888850
C00000351,Brandi,Douglas,brandi_douglas@gmail.com,83770966
C00000352,Timothy,Roberts,timothy_roberts@outlook.com,32642568
C00000353,Julia,Stevenson,julia_stevenson@gmail.com,68824593
C00000354,Roy,Jones,roy_jones@gmail.com,32139692
C00000355,Tammy,Boyer,tammy_boyer@outlook.com,98189008
C00000356,Ryan,Young,ryan_young@example.org,62775211
C00000357,Brenda,Sanders,brenda_sanders@outlook.com,37782485
C00000358,James,Chapman,james_chapman@gmail.com,68875462
C00000359,John,Johnson,john_johnson@example.org,94017705
C00000360,Jacob,Parrish,jacob_parrish@hotmail.com,57845713
C00000361,Russell,Walker,russell_walker@example.org,69051854
C00000362,Thomas,Bowman,thomas_bowman@example.org,81399495
C00000363,David,Cooley,david_cooley@gmail.com,88096496
C00000364,Lisa,Barr,lisa_barr@gmail.com,05848686
C00000365,John,Scott,john_scott@outlook.com,99764660
C00000366,Arthur,Hernandez,arthur_hernandez@gmail.com,34928978
C00000367,Janice,Russell,janice_russell@gmail.com,03734618
C00000368,Kaitlin,Mcdowell,kaitlin_mcdowell@example.org,23818741
C00000369,John,Hughes,john_hughes@hotmail.com,66439668
C00000370,Stacy,Gibson,stacy_gibson@example.org,27216004
C00000371,Joseph,Garza,joseph_garza@hotmail.com,56369358
C00000372,Mario,Valenzuela,mario_valenzuela@gmail.com,33605000
C00000373,Jason,Michael,jason_michael@example.org,07135471
C00000374,Cassandra,Davis,cassandra_davis@gmail.com,95966092
C00000375,Megan,Williams,megan_williams@gmail.com,37865056
C00000376,Denise,Watson,denise_watson@hotmail.com,26660507
C00000377,Marvin,Johnson,marvin_johnson@hotmail.com,12814541
C00000378,Anthony,Reid,anthony_reid@example.org,44318395
C00000379,Gwendolyn,Neal,gwendolyn_neal@outlook.com,19344845
C00000380,Kevin,Li,kevin_li@example.org,38295571
C00000381,Miranda,Weber,miranda_weber@example.org,87126376
C00000382,Breanna,Thompson,breanna_thompson@hotmail.com,70399813
C00000383,Alexandria,Warren,alexandria_warren@example.org,03979900
C00000384,Jose,Hall,jose_hall@outlook.com,90053876
C00000385,Russell,Mcclain,russell_mcclain@hotmail.com,42783550
C00000386,Isabella,Hall,isabella_hall@hotmail.com,92029122
C00000387,Troy,Woodward,troy_woodward@hotmail.com,00841483
C00000388,Kristin,Salazar,kristin_salazar@gmail.com,99575866
C00000389,Nancy,Lamb,nancy_lamb@gmail.com,56305918
C00000390,Donna,Dominguez,donna_dominguez@gmail.com,15942552
C00000391,John,Allen,john_allen@outlook.com,15202096
C00000392,Ashley,Espinoza,ashley_espinoza@gmail.com,54934626
C00000393,Lisa,Mahoney,lisa_mahoney@example.org,10875655
C00000394,Richard,Mitchell,richard_mitchell@gmail.com,48780462
C00000395,Brittany,Becker,brittany_becker@hotmail.com,29298002
C00000396,Norma,Ellis,norma_ellis@hotmail.com,37488291
C00000397,Amy,Marks,amy_marks@example.org,05712467
C00000398,Bonnie,Mcmillan,bonnie_mcmillan@example.org,60313633
C00000399,Craig,Silva,craig_silva@example.org,09950507
C00000400,Brianna,Li,brianna_li@gmail.com,21701765
C00000401,Joseph,Johnson,joseph_johnson@hotmail.com,05773850
C00000402,Darryl,Flores,darryl_flores@hotmail.com,52278921
C00000403,Elizabeth,Martin,elizabeth_martin@hotmail.com,90900080
C00000404,Barbara,Werner,barbara_werner@gmail.com,89802031
C00000405,Jason,Griffin,jason_griffin@gmail.com,15735720
C00000406,David,Hammond,david_hammond@outlook.com,19047443
C00000407,Keith,Hancock,keith_hancock@outlook.com,96109728
C00000408,Jennifer,Morse,jennifer_morse@outlook.com,47623175
C00000409,Diane,Hickman,diane_hickman@outlook.com,10731586
C00000410,Curtis,Patel,curtis_patel@outlook.com,60332549
C00000411,Pamela,Mccann,pamela_mccann@example.org,61354939
C00000412,Ruben,Turner,ruben_turner@hotmail.com,67952661
C00000413,Joseph,Nicholson,joseph_nicholson@example.org,78936262
C00000414,William,Payne,william_payne@example.org,70275251
C00000415,Robin,Ferguson,robin_ferguson@outlook.com,48340590
C00000416,Cheryl,Taylor,cheryl_taylor@gmail.com,88401875
C00000417,Rachel,Dickerson,rachel_dickerson@example.org,64050308
C00000418,William,Dalton,william_dalton@hotmail.com,39121104
C00000419,Eric,Parsons,eric_parsons@example.org,15986362
C00000420,Robert,Martinez,robert_martinez@outlook.com,80115317
C00000421,Stephanie,Morris,stephanie_morris@outlook.com,81160431
C00000422,Cody,Johnson,cody_johnson@gmail.com,40650718
C00000423,Suzanne,Clark,suzanne_clark@example.org,02296183
C00000424,Lisa,Mcdowell,lisa_mcdowell@example.org,04225899
C00000425,John,Gill,john_gill@outlook.com,18836334
C00000426,Jorge,Cole,jorge_cole@example.org,68401696
C00000427,Kimberly,Lester,kimberly_lester@outlook.com,93427299
C00000428,Dylan,Anderson,dylan_anderson@outlook.com,84149970
C00000429,Jessica,Bush,jessica_bush@hotmail.com,60116443
C00000430,Nicholas,Mitchell,nicholas_mitchell@outlook.com,73544978
C00000431,Elizabeth,Strong,elizabeth_strong@gmail.com,98425783
C00000432,Brianna,Kelly,brianna_kelly@hotmail.com,21725999
C00000433,Cynthia,Gonzalez,cynthia_gonzalez@example.org,39076217
C00000434,Angela,Reyes,angela_reyes@outlook.com,84695788
C00000435,Michael,Roberts,michael_roberts@example.org,47791615
C00000436,Catherine,Hardin,catherine_hardin@hotmail.com,57334389
C00000437,Julia,Parker,julia_parker@gmail.com,49685310
C00000438,Kayla,Johnson,kayla_johnson@hotmail.com,77126888
C00000439,Brandi,Baker,brandi_baker@gmail.com,74536133
C00000440,Zoe,Ballard,zoe_ballard@example.org,22007618
C00000441,Shannon,Young,shannon_young@example.org,65030864
C00000442,Cheyenne,Yates,cheyenne_yates@outlook.com,36358081
C00000443,Nicole,Davis,nicole_davis@outlook.com,82785982
C00000444,David,Sullivan,david_sullivan@outlook.com,38275623
C00000445,Charles,Weiss,charles_weiss@gmail.com,56719257
C00000446,Brittany,Mills,brittany_mills@hotmail.com,24451186
C00000447,Brooke,Nelson,brooke_nelson@outlook.com,79935421
C00000448,Sean,Todd,sean_todd@example.org,17762606
C00000449,Richard,Dunn,richard_dunn@outlook.com,10769293
C00000450,Megan,Davidson,megan_davidson@outlook.com,17794084
C00000451,Jonathan,Johnson,jonathan_johnson@example.org,44750549
C00000452,Sarah,Johnson,sarah_johnson@example.org,14984111
C00000453,Pamela,Rogers,pamela_rogers@example.org,15803618
C00000454,Jennifer,Thomas,jennifer_thomas@gmail.com,76159401
C00000455,Lacey,Beltran,lacey_beltran@gmail.com,08992183
C00000456,Alexander,Berger,alexander_berger@hotmail.com,96496772
C00000457,Timothy,Jones,timothy_jones@example.org,63193999
C00000458,Andrew,Carter,andrew_carter@hotmail.com,57487041
C00000459,Chelsea,Garcia,chelsea_garcia@hotmail.com,44166471
C00000460,Joseph,Hoover,joseph_hoover@outlook.com,69098332
C00000461,John,Stewart,john_stewart@example.org,90703472
C00000462,Scott,Jimenez,scott_jimenez@outlook.com,64430832
C00000463,Allison,Brown,allison_brown@gmail.com,62270667
C00000464,Cody,Peters,cody_peters@outlook.com,90574265
C00000465,Sandra,Stewart,sandra_stewart@hotmail.com,18624102
C00000466,Cynthia,Ortiz,cynthia_ortiz@outlook.com,23400224
C00000467,Theresa,Eaton,theresa_eaton@outlook.com,00283181
C00000468,Kim,Wright,kim_wright@hotmail.com,55448892
C00000469,Vincent,Lara,vincent_lara@hotmail.com,24451326
C00000470,Tommy,Rivera,tommy_rivera@example.org,85739866
C00000471,David,Simpson,david_simpson@outlook.com,78971686
C00000472,Sergio,Melendez,sergio_melendez@hotmail.com,81801122
C00000473,Betty,Hancock,betty_hancock@example.org,64371709
C00000474,Diana,Howard,diana_howard@outlook.com,31409698
C00000475,Susan,Rose,susan_rose@outlook.com,74780789
C00000476,Angela,Lawrence,angela_lawrence@gmail.com,77523593
C00000477,Samuel,Munoz,samuel_munoz@hotmail.com,66667972
C00000478,Annette,Owens,annette_owens@outlook.com,54126664
C00000479,Robert,Guerrero,robert_guerrero@outlook.com,63824159
C00000480,Joseph,Edwards,joseph_edwards@outlook.com,26655631
C00000481,Melissa,Patterson,melissa_patterson@example.org,48616206
C00000482,Robert,Glover,robert_glover@gmail.com,27966805
C00000483,Kirsten,Jones,kirsten_jones@gmail.com,76313560
C00000484,Nathan,Myers,nathan_myers@hotmail.com,10091549
C00000485,Peter,Lynch,peter_lynch@outlook.com,53812681
C00000486,Ronald,Strickland,ronald_strickland@example.org,59794517
C00000487,Jason,Hall,jason_hall@example.org,09795416
C00000488,Diane,Neal,diane_neal@hotmail.com,62861605
C00000489,Christine,Thompson,christine_thompson@example.org,25544554
C00000490,Andrea,Cline,andrea_cline@example.org,20451627
C00000491,Robert,Campbell,robert_campbell@example.org,32288165
C00000492,Laurie,Williams,laurie_williams@hotmail.com,81211197
C00000493,Tammy,Hill,tammy_hill@example.org,42799221
C00000494,Cynthia,Sharp,cynthia_sharp@hotmail.com,85889530
C00000495,Darren,Garcia,darren_garcia@hotmail.com,91365472
C00000496,Melissa,Hanson,melissa_hanson@gmail.com,33500334
C00000497,Aaron,Madden,aaron_madden@gmail.com,22527974
C00000498,William,Johnson,william_johnson@example.org,36347109
C00000499,Elizabeth,Allison,elizabeth_allison@hotmail.com,88633555
C00000500,Michael,Meza,michael_meza@example.org,36351114
C00000501,Stephanie,Mercado,stephanie_mercado@gmail.com,28674920
C00000502,Luis,Oconnell,luis_oconnell@outlook.com,49150130
C00000503,Angela,Green,angela_green@outlook.com,39195547
C00000504,Joseph,Allen,joseph_allen@gmail.com,25347618
C00000505,Emily,Taylor,emily_taylor@example.org,11701667
C00000506,Janice,Chen,janice_chen@example.org,89232515
C00000507,Jeanette,Sawyer,jeanette_sawyer@example.org,26142925
C00000508,Jessica,Stark,jessica_stark@outlook.com,52165840
C00000509,Jimmy,Duncan,jimmy_duncan@hotmail.com,81394622
C00000510,Micheal,Lawson,micheal_lawson@outlook.com,27802802
C00000511,Joshua,Patterson,joshua_patterson@outlook.com,48851924
C00000512,Alexandra,Wood,alexandra_wood@outlook.com,39581054
C00000513,Amy,Ortiz,amy_ortiz@gmail.com,63071181
C00000514,Shawn,Johnson,shawn_johnson@example.org,39787073
C00000515,Angela,Chang,angela_chang@hotmail.com,24487360
C00000516,Elizabeth,Watts,elizabeth_watts@example.org,20265750
C00000517,Heather,Mccarty,heather_mccarty@example.org,39275000
C00000518,Charles,Hayes,charles_hayes@gmail.com,23540220
C00000519,Glenn,Quinn,glenn_quinn@outlook.com,78138397
C00000520,Steven,Ewing,steven_ewing@hotmail.com,69882217
C00000521,Charles,Williams,charles_williams@hotmail.com,90257713
C00000522,Catherine,Cruz,catherine_cruz@outlook.com,11179488
C00000523,Lisa,Moore,lisa_moore@hotmail.com,09616364
C00000524,Michael,Lee,michael_lee@gmail.com,03880209
C00000525,Crystal,Blair,crystal_blair@gmail.com,95712391
C00000526,Jennifer,White,jennifer_white@outlook.com,86624016
C00000527,Amanda,Scott,amanda_scott@hotmail.com,53971667
C00000528,George,Gaines,george_gaines@hotmail.com,56471240
C00000529,Cheryl,Boyd,cheryl_boyd@gmail.com,80533265
C00000530,Shannon,Mendoza,shannon_mendoza@gmail.com,79030294
C00000531,Jonathon,Mcdaniel,jonathon_mcdaniel@example.org,81709864
C00000532,Tracy,Brown,tracy_brown@gmail.com,61290006
C00000533,James,Franco,james_franco@gmail.com,47229084
C00000534,Eric,Thomas,eric_thomas@gmail.com,30201697
C00000535,Michael,Mathis,michael_mathis@gmail.com,65578823
C00000536,Connie,Mcdaniel,connie_mcdaniel@hotmail.com,99060075
C00000537,Marcus,Harris,marcus_harris@example.org,87569717
C00000538,Holly,Cortez,holly_cortez@outlook.com,93302775
C00000539,Susan,Moyer,susan_moyer@hotmail.com,01708601
C00000540,Michael,Cruz,michael_cruz@example.org,39644867
C00000541,Seth,Gonzalez,seth_gonzalez@hotmail.com,73221094
C00000542,Timothy,Kim,timothy_kim@gmail.com,67738966
C00000543,Scott,Oliver,scott_oliver@gmail.com,38577539
C00000544,Sean,Vargas,sean_vargas@outlook.com,99073900
C00000545,Kimberly,Thomas,kimberly_thomas@example.org,31723285
C00000546,Gina,Cobb,gina_cobb@outlook.com,96564583
C00000547,Eric,Long,eric_long@hotmail.com,85449721
C00000548,Evan,Hopkins,evan_hopkins@outlook.com,53997997
C00000549,Elizabeth,Caldwell,elizabeth_caldwell@gmail.com,86773632
C00000550,Jennifer,Jones,jennifer_jones@gmail.com,53610517
C00000551,Bruce,Baker,bruce_baker@gmail.com,69828036
C00000552,Sonia,Taylor,sonia_taylor@gmail.com,00907625
C00000553,Ryan,Nelson,ryan_nelson@hotmail.com,25621433
C00000554,Richard,Booker,richard_booker@hotmail.com,55860891
C00000555,Curtis,Hays,curtis_hays@hotmail.com,79292174
C00000556,Ryan,Andrews,ryan_andrews@example.org,72258089
C00000557,Jean,Adams,jean_adams@gmail.com,85244577
C00000558,Nancy,Hunter,nancy_hunter@hotmail.com,55753140
C00000559,Michael,Armstrong,michael_armstrong@hotmail.com,98456786
C00000560,Christian,Sexton,christian_sexton@example.org,79484667
C00000561,Donald,Johnson,donald_johnson@example.org,97822369
C00000562,Courtney,Matthews,courtney_matthews@hotmail.com,82449934
C00000563,Alexis,English,alexis_english@gmail.com,25213387
C00000564,Erin,Berger,erin_berger@outlook.com,32912713
C00000565,Nicholas,Beltran,nicholas_beltran@example.org,39307964
C00000566,Savannah,Velazquez,savannah_velazquez@gmail.com,03765005
C00000567,Tom,Hayes,tom_hayes@example.org,50311141
C00000568,Debra,Bradley,debra_bradley@gmail.com,28116365
C00000569,Jeanette,Harris,jeanette_harris@hotmail.com,69145255
C00000570,Debbie,Garcia,debbie_garcia@example.org,33871415
C00000571,Terry,Gibbs,terry_gibbs@example.org,71058668
C00000572,Sherri,Brooks,sherri_brooks@gmail.com,61368439
C00000573,Mitchell,Mclean,mitchell_mclean@outlook.com,04331033
C00000574,Brian,Brown,brian_brown@example.org,10551580
C00000575,Brian,Rodriguez,brian_rodriguez@outlook.com,76671004
C00000576,Derrick,Chavez,derrick_chavez@outlook.com,52791621
C00000577,Corey,Washington,corey_washington@example.org,36328393
C00000578,Laura,Mcintosh,laura_mcintosh@gmail.com,03797471
C00000579,Christopher,Hill,christopher_hill@outlook.com,57249732
C00000580,Jason,Morse,jason_morse@hotmail.com,87742050
C00000581,Rodney,Conner,rodney_conner@gmail.com,63922169
C00000582,Ronald,Cain,ronald_cain@gmail.com,77059950
C00000583,Allison,Wheeler,allison_wheeler@example.org,78252730
C00000584,Maria,Stokes,maria_stokes@hotmail.com,56790680
C00000585,Tracy,Smith,tracy_smith@example.org,79426586
C00000586,Curtis,Medina,curtis_medina@outlook.com,01862738
C00000587,Aaron,Barajas,aaron_barajas@hotmail.com,54950139
C00000588,Douglas,Smith,douglas_smith@example.org,46433233
C00000589,Steven,Thompson,steven_thompson@hotmail.com,95477914
C00000590,Eric,Lewis,eric_lewis@gmail.com,46248756
C00000591,Rodney,Olson,rodney_olson@outlook.com,58462291
C00000592,Daniel,Dickson,daniel_dickson@outlook.com,54366509
C00000593,Gerald,Russell,gerald_russell@gmail.com,24103244
C00000594,Regina,Castro,regina_castro@hotmail.com,52156181
C00000595,Alicia,Ramirez,alicia_ramirez@gmail.com,25196119
C00000596,Edward,Lee,edward_lee@example.org,33364705
C00000597,Edward,Hughes,edward_hughes@hotmail.com,75439089
C00000598,Rhonda,Bell,rhonda_bell@example.org,77063136
C00000599,Vanessa,Lee,vanessa_lee@hotmail.com,87499368
C00000600,Jack,Ali,jack_ali@gmail.com,84152626
C00000601,Roy,Watkins,roy_watkins@example.org,52128807
C00000602,David,Fitzpatrick,david_fitzpatrick@example.org,94385447
C00000603,Matthew,Pitts,matthew_pitts@outlook.com,58404419
C00000604,William,Barrett,william_barrett@example.org,94037117
C00000605,Zachary,Parker,zachary_parker@outlook.com,33658904
C00000606,Nathan,Acosta,nathan_acosta@hotmail.com,91347096
C00000607,Samuel,Hammond,samuel_hammond@example.org,21183750
C00000608,Michael,Butler,michael_butler@outlook.com,49783611
C00000609,Philip,Benjamin,philip_benjamin@hotmail.com,76133143
C00000610,Nancy,Thomas,nancy_thomas@example.org,81802780
C00000611,James,Martin,james_martin@hotmail.com,74834257
C00000612,Aaron,Harper,aaron_harper@gmail.com,91064154
C00000613,William,Davis,william_davis@gmail.com,45225572
C00000614,Carol,Walker,carol_walker@hotmail.com,00753668
C00000615,Katherine,Lee,katherine_lee@gmail.com,08186858
C00000616,Walter,Martinez,walter_martinez@example.org,43890947
C00000617,Cheryl,Thomas,cheryl_thomas@example.org,90673748
C00000618,Jack,Phelps,jack_phelps@hotmail.com,62871044
C00000619,Jessica,Mclaughlin,jessica_mclaughlin@outlook.com,44243854
C00000620,Jacob,Miles,jacob_miles@gmail.com,76753267
C00000621,Joyce,Davidson,joyce_davidson@gmail.com,11580184
C00000622,Kim,Lynch,kim_lynch@outlook.com,70710939
C00000623,Maurice,Becker,maurice_becker@example.org,40837269
C00000624,Deanna,Olson,deanna_olson@hotmail.com,21528576
C00000625,Heather,Wade,heather_wade@example.org,26669115
C00000626,Matthew,Morrow,matthew_morrow@example.org,81085846
C00000627,Brian,Smith,brian_smith@hotmail.com,99701428
C00000628,Christine,Harris,christine_harris@hotmail.com,33085235
C00000629,Megan,Baird,megan_baird@hotmail.com,32930402
C00000630,Robin,Robbins,robin_robbins@gmail.com,36788762
C00000631,Christian,Potts,christian_potts@outlook.com,57436376
C00000632,Teresa,White,teresa_white@hotmail.com,40449725
C00000633,Courtney,Francis,courtney_francis@outlook.com,68906179
C00000634,Bryan,Williams,bryan_williams@example.org,05400906
C00000635,Tony,Jackson,tony_jackson@outlook.com,30443230
C00000636,Mariah,Newton,mariah_newton@gmail.com,65406343
C00000637,Kimberly,Wilson,kimberly_wilson@hotmail.com,18393839
C00000638,Edward,Ramirez,edward_ramirez@gmail.com,22620075
C00000639,Larry,Mendoza,larry_mendoza@example.org,14604691
C00000640,Andrew,Leach,andrew_leach@outlook.com,32189211
C00000641,Cathy,Robertson,cathy_robertson@gmail.com,70477523
C00000642,Cynthia,Jensen,cynthia_jensen@hotmail.com,11795144
C00000643,Juan,Bush,juan_bush@example.org,11698728
C00000644,William,Huynh,william_huynh@example.org,81448450
C00000645,Ronald,Braun,ronald_braun@hotmail.com,56260935
C00000646,Richard,Miller,richard_miller@gmail.com,36263640
C00000647,Eric,Gonzalez,eric_gonzalez@example.org,95152102
C00000648,Daniel,Brewer,daniel_brewer@hotmail.com,16637793
C00000649,Bonnie,Sellers,bonnie_sellers@example.org,49273782
C00000650,Karen,Moreno,karen_moreno@outlook.com,88783283
C00000651,Sarah,Andrews,sarah_andrews@gmail.com,43715339
C00000652,Robert,Martinez,robert_martinez@hotmail.com,02435229
C00000653,Meghan,Gonzalez,meghan_gonzalez@gmail.com,18397023
C00000654,Isabella,Hicks,isabella_hicks@outlook.com,02670025
C00000655,Katie,Martin,katie_martin@example.org,09344912
C00000656,Anthony,Solis,anthony_solis@example.org,89574232
C00000657,Pamela,Patel,pamela_patel@gmail.com,99411821
C00000658,Ryan,Torres,ryan_torres@outlook.com,68625088
C00000659,Alexis,Evans,alexis_evans@outlook.com,20929124
C00000660,John,Mckee,john_mckee@gmail.com,49572963
C00000661,Dave,Brewer,dave_brewer@example.org,95050151
C00000662,William,Young,william_young@gmail.com,98981335
C00000663,Troy,Kelly,troy_kelly@hotmail.com,23109209
C00000664,Heather,Hudson,heather_hudson@gmail.com,65565796
C00000665,Tiffany,Dunn,tiffany_dunn@hotmail.com,54382886
C00000666,Michelle,Johns,michelle_johns@outlook.com,47711198
C00000667,Sergio,Harvey,sergio_harvey@example.org,40415139
C00000668,Kevin,Morris,kevin_morris@gmail.com,55898162
C00000669,Mary,Martinez,mary_martinez@example.org,44757857
C00000670,Anthony,Graves,anthony_graves@hotmail.com,51759210
C00000671,Randall,Salas,randall_salas@example.org,35199897
C00000672,Cheryl,Anderson,cheryl_anderson@example.org,80606194
C00000673,James,Morales,james_morales@hotmail.com,85856625
C00000674,Rachel,Sutton,rachel_sutton@example.org,92633871
C00000675,Eric,Elliott,eric_elliott@outlook.com,14531631
C00000676,Melissa,Armstrong,melissa_armstrong@hotmail.com,78723486
C00000677,Michael,Jackson,michael_jackson@gmail.com,10692263
C00000678,Melissa,Gonzalez,melissa_gonzalez@example.org,31751428
C00000679,Rodney,Davenport,rodney_davenport@hotmail.com,76684079
C00000680,Amber,Shah,amber_shah@gmail.com,81479917
C00000681,Nicole,Dixon,nicole_dixon@outlook.com,51125608
C00000682,Devin,Gordon,devin_gordon@outlook.com,14817431
C00000683,Daniel,Hodge,daniel_hodge@hotmail.com,09991330
C00000684,Tony,Young,tony_young@gmail.com,39167673
C00000685,Danny,Williams,danny_williams@example.org,76608696
C00000686,Russell,Wilkins,russell_wilkins@gmail.com,51803673
C00000687,Kenneth,Shepherd,kenneth_shepherd@hotmail.com,75428516
C00000688,Jennifer,Pham,jennifer_pham@outlook.com,74129057
C00000689,Anthony,Ortiz,anthony_ortiz@gmail.com,34251188
C00000690,Tracey,Mckee,tracey_mckee@example.org,09112409
C00000691,Lindsey,Barton,lindsey_barton@hotmail.com,89615716
C00000692,Cindy,Hurley,cindy_hurley@hotmail.com,14490146
C00000693,Diana,Mcdaniel,diana_mcdaniel@outlook.com,38896418
C00000694,Tammy,Mathews,tammy_mathews@gmail.com,04646171
C00000695,Jenna,Tucker,jenna_tucker@outlook.com,33865304
C00000696,Adam,Lloyd,adam_lloyd@gmail.com,89577208
C00000697,Veronica,Smith,veronica_smith@example.org,19612869
C00000698,Jaclyn,Gay,jaclyn_gay@hotmail.com,27790588
C00000699,Eduardo,Rivera,eduardo_rivera@outlook.com,18805071
C00000700,Bianca,Oliver,bianca_oliver@gmail.com,38339767
C00000701,Jason,Moore,jason_moore@gmail.com,81998843
C00000702,Matthew,Stephens,matthew_stephens@gmail.com,72137960
C00000703,Christopher,Peterson,christopher_peterson@outlook.com,29458959
C00000704,James,Hampton,james_hampton@hotmail.com,91240434
C00000705,Jorge,Tucker,jorge_tucker@outlook.com,32528893
C00000706,James,Anderson,james_anderson@gmail.com,43757715
C00000707,Kelly,Schmidt,kelly_schmidt@outlook.com,96582445
C00000708,Geoffrey,Johnson,geoffrey_johnson@gmail.com,15167685
C00000709,Patricia,Johnson,patricia_johnson@example.org,94212816
C00000710,Maria,Woods,maria_woods@hotmail.com,81160603
C00000711,Mark,Rodriguez,mark_rodriguez@outlook.com,76337428
C00000712,Timothy,Martinez,timothy_martinez@hotmail.com,72077120
C00000713,Donald,Nelson,donald_nelson@hotmail.com,25094417
C00000714,Joshua,Jenkins,joshua_jenkins@outlook.com,59760456
C00000715,Anna,Harrell,anna_harrell@outlook.com,92988061
C00000716,Joseph,Stephens,joseph_stephens@hotmail.com,94871661
C00000717,Julie,Ali,julie_ali@hotmail.com,44708289
C00000718,Jesse,Turner,jesse_turner@hotmail.com,19844936
C00000719,Jennifer,Goodwin,jennifer_goodwin@outlook.com,39799773
C00000720,Christina,Smith,christina_smith@example.org,80012958
C00000721,Jamie,Thomas,jamie_thomas@gmail.com,48497399
C00000722,Joseph,Wood,joseph_wood@example.org,56963348
C00000723,Edward,West,edward_west@example.org,46505297
C00000724,Leah,Bishop,leah_bishop@hotmail.com,65321467
C00000725,Michael,Patrick,michael_patrick@gmail.com,52540676
C00000726,Timothy,Larsen,timothy_larsen@outlook.com,27691244
C00000727,John,Simmons,john_simmons@hotmail.com,88489038
C00000728,Amanda,Zhang,amanda_zhang@hotmail.com,57086170
C00000729,Jack,Barron,jack_barron@hotmail.com,81596761
C00000730,Wyatt,Alvarez,wyatt_alvarez@hotmail.com,96666628
C00000731,Tabitha,Long,tabitha_long@example.org,14194243
C00000732,Wendy,Edwards,wendy_edwards@outlook.com,58617019
C00000733,Robert,Mullins,robert_mullins@example.org,98321641
C00000734,Michael,Scott,michael_scott@gmail.com,58138248
C00000735,Chelsea,Jennings,chelsea_jennings@gmail.com,81111685
C00000736,Linda,Flores,linda_flores@outlook.com,68137819
C00000737,Edward,Valdez,edward_valdez@hotmail.com,46739540
C00000738,Norma,Wilson,norma_wilson@gmail.com,15824802
C00000739,Jeffrey,Espinoza,jeffrey_espinoza@outlook.com,91483722
C00000740,Kelly,Parker,kelly_parker@hotmail.com,91712645
C00000741,Mark,Willis,mark_willis@hotmail.com,47773008
C00000742,Amy,Wood,amy_wood@example.org,03964120
C00000743,Jacqueline,Pittman,jacqueline_pittman@hotmail.com,69562177
C00000744,Becky,Schwartz,becky_schwartz@hotmail.com,54941638
C00000745,Stephanie,Adkins,stephanie_adkins@outlook.com,22402165
C00000746,Amy,Collins,amy_collins@hotmail.com,43198691
C00000747,Cynthia,Palmer,cynthia_palmer@example.org,09746877
C00000748,Michael,Butler,michael_butler@example.org,04581795
C00000749,Mary,Lowery,mary_lowery@example.org,48183017
C00000750,Jesse,White,jesse_white@hotmail.com,22013105
C00000751,Matthew,Bennett,matthew_bennett@example.org,05105668
C00000752,Larry,Nelson,larry_nelson@gmail.com,79051623
C00000753,Austin,Gray,austin_gray@gmail.com,86113070
C00000754,Sara,Stokes,sara_stokes@hotmail.com,71764901
C00000755,Brian,Martinez,brian_martinez@hotmail.com,37616133
C00000756,Alexis,Bennett,alexis_bennett@gmail.com,56342824
C00000757,Nancy,Barker,nancy_barker@gmail.com,61676629
C00000758,Madeline,Murphy,madeline_murphy@outlook.com,85486964
C00000759,Brian,Snyder,brian_snyder@example.org,70755513
C00000760,Jennifer,French,jennifer_french@outlook.com,90472524
C00000761,Jorge,Thomas,jorge_thomas@example.org,67122905
C00000762,Michelle,Washington,michelle_washington@outlook.com,99382097
C00000763,John,Rogers,john_rogers@gmail.com,78294887
C00000764,Mathew,Finley,mathew_finley@hotmail.com,51471674
C00000765,Erin,Collier,erin_collier@example.org,98009605
C00000766,Crystal,Ruiz,crystal_ruiz@example.org,79639642
C00000767,Stephanie,Morris,stephanie_morris@outlook.com,86639293
C00000768,Matthew,Chandler,matthew_chandler@hotmail.com,78204763
C00000769,Brent,Reed,brent_reed@hotmail.com,47015834
C00000770,Amanda,Rodriguez,amanda_rodriguez@example.org,22732255
C00000771,Anne,Le,anne_le@example.org,84590241
C00000772,Matthew,Thomas,matthew_thomas@gmail.com,95395163
C00000773,Daniel,Morgan,daniel_morgan@example.org,07438093
C00000774,Michael,Friedman,michael_friedman@gmail.com,03943988
C00000775,Thomas,Hale,thomas_hale@example.org,73435732
C00000776,Adam,Fowler,adam_fowler@outlook.com,78671577
C00000777,Kelly,Murphy,kelly_murphy@example.org,98920462
C00000778,Emily,Stephenson,emily_stephenson@example.org,40834925
C00000779,Michael,Schneider,michael_schneider@example.org,92912721
C00000780,James,Roberts,james_roberts@example.org,89398504
C00000781,Scott,Nicholson,scott_nicholson@outlook.com,60051109
C00000782,Cesar,Chavez,cesar_chavez@gmail.com,86733454
C00000783,Theresa,Gibson,theresa_gibson@hotmail.com,08175858
C00000784,Stephanie,Mcdaniel,stephanie_mcdaniel@gmail.com,10311360
C00000785,Susan,Jenkins,susan_jenkins@gmail.com,00685710
C00000786,Eugene,Richardson,eugene_richardson@example.org,76537149
C00000787,Timothy,Jacobs,timothy_jacobs@hotmail.com,94764480
C00000788,Joanne,Hansen,joanne_hansen@example.org,82054441
C00000789,Timothy,Foster,timothy_foster@gmail.com,53030931
C00000790,Matthew,Graves,matthew_graves@hotmail.com,15387095
C00000791,Joy,Martin,joy_martin@gmail.com,24262815
C00000792,Amanda,Sparks,amanda_sparks@example.org,72220914
C00000793,Abigail,Smith,abigail_smith@hotmail.com,84035872
C00000794,Megan,Mcguire,megan_mcguire@outlook.com,19875516
C00000795,Theresa,Contreras,theresa_contreras@outlook.com,94281775
C00000796,Dustin,Gonzalez,dustin_gonzalez@hotmail.com,99740375
C00000797,Michael,Anderson,michael_anderson@gmail.com,70934421
C00000798,Tiffany,Wright,tiffany_wright@outlook.com,86615762
C00000799,Amy,Lewis,amy_lewis@example.org,02805110
C00000800,Katrina,Rivera,katrina_rivera@example.org,80982930
C00000801,Laura,Johnson,laura_johnson@outlook.com,35202696
C00000802,Thomas,Rasmussen,thomas_rasmussen@example.org,37431902
C00000803,Erica,Parker,erica_parker@gmail.com,89706303
C00000804,Jessica,Snyder,jessica_snyder@outlook.com,27129107
C00000805,Ronald,Burgess,ronald_burgess@hotmail.com,25296002
C00000806,John,Blair,john_blair@example.org,81298150
C00000807,Morgan,Martin,morgan_martin@gmail.com,04182357
C00000808,Kristy,Martin,kristy_martin@example.org,01939796
C00000809,Robert,Davidson,robert_davidson@example.org,92263659
C00000810,Todd,Shannon,todd_shannon@hotmail.com,06633740
C00000811,Joseph,Perez,joseph_perez@outlook.com,17951214
C00000812,Vincent,Cunningham,vincent_cunningham@gmail.com,84646957
C00000813,Richard,Moore,richard_moore@outlook.com,20377490
C00000814,Marcus,Watson,marcus_watson@outlook.com,94848061
C00000815,Mark,Sanchez,mark_sanchez@gmail.com,57252816
C00000816,James,Rodriguez,james_rodriguez@example.org,78701669
C00000817,Alexa,Collier,alexa_collier@hotmail.com,93720816
C00000818,Joshua,Adams,joshua_adams@example.org,84740265
C00000819,Kathryn,Shaw,kathryn_shaw@outlook.com,18865297
C00000820,Nathaniel,Swanson,nathaniel_swanson@hotmail.com,85475308
C00000821,Katherine,Bridges,katherine_bridges@gmail.com,07334149
C00000822,Robert,May,robert_may@outlook.com,57095686
C00000823,Jasmine,Walker,jasmine_walker@gmail.com,67556361
C00000824,Michael,Baker,michael_baker@example.org,22967213
C00000825,Drew,Davila,drew_davila@outlook.com,18192693
C00000826,Paul,Howard,paul_howard@gmail.com,05316893
C00000827,Bruce,Rose,bruce_rose@hotmail.com,96040776
C00000828,Laura,Baker,laura_baker@hotmail.com,01944782
C00000829,Jason,Bradford,jason_bradford@gmail.com,28199451
C00000830,Frances,Boyle,frances_boyle@example.org,26048543
C00000831,Julie,Watson,julie_watson@example.org,57445876
C00000832,Amber,Jones,amber_jones@gmail.com,57075736
C00000833,Sandy,Martin,sandy_martin@example.org,37511889
C00000834,Brittany,Hernandez,brittany_hernandez@outlook.com,73826586
C00000835,Angela,Hess,angela_hess@outlook.com,65808909
C00000836,David,Morales,david_morales@hotmail.com,09813142
C00000837,David,Poole,david_poole@hotmail.com,64882255
C00000838,Michael,Armstrong,michael_armstrong@outlook.com,48360790
C00000839,Megan,Martin,megan_martin@outlook.com,75425854
C00000840,Carl,Cruz,carl_cruz@gmail.com,84255332
C00000841,William,Kim,william_kim@outlook.com,79940063
C00000842,Carl,Aguirre,carl_aguirre@example.org,14126154
C00000843,Marvin,Porter,marvin_porter@gmail.com,11864667
C00000844,Kristina,Watson,kristina_watson@hotmail.com,25543143
C00000845,Cody,Kramer,cody_kramer@hotmail.com,48177445
C00000846,Brenda,Donaldson,brenda_donaldson@example.org,27607260
C00000847,Joseph,Parker,joseph_parker@outlook.com,68304367
C00000848,Christina,Williams,christina_williams@gmail.com,51092577
C00000849,Janice,Johnson,janice_johnson@outlook.com,62425865
C00000850,Alexis,Powell,alexis_powell@outlook.com,05335748
C00000851,Cynthia,Nichols,cynthia_nichols@hotmail.com,08211630
C00000852,John,Stephens,john_stephens@hotmail.com,68470078
C00000853,Nicole,Medina,nicole_medina@gmail.com,77632828
C00000854,Jeffrey,Jimenez,jeffrey_jimenez@outlook.com,54274046
C00000855,Stephanie,Lewis,stephanie_lewis@example.org,97828436
C00000856,Michael,Booker,michael_booker@example.org,38689138
C00000857,Nicole,Perez,nicole_perez@hotmail.com,52681133
C00000858,Lori,Vazquez,lori_vazquez@outlook.com,73717371
C00000859,Randy,King,randy_king@example.org,06933992
C00000860,Kimberly,Cunningham,kimberly_cunningham@example.org,48304352
C00000861,Andrew,Silva,andrew_silva@gmail.com,25562529
C00000862,Kimberly,Hinton,kimberly_hinton@example.org,13322618
C00000863,Barbara,Bean,barbara_bean@example.org,24865092
C00000864,Kelsey,Curtis,kelsey_curtis@outlook.com,21941069
C00000865,Taylor,Clay,taylor_clay@example.org,76212900
C00000866,Jamie,Myers,jamie_myers@outlook.com,33715739
C00000867,Carlos,Rogers,carlos_rogers@outlook.com,14121722
C00000868,Tamara,Owen,tamara_owen@gmail.com,13335320
C00000869,William,Peterson,william_peterson@gmail.com,61007707
C00000870,Brenda,Reynolds,brenda_reynolds@example.org,66430206
C00000871,Bryan,Matthews,bryan_matthews@example.org,69430684
C00000872,Amanda,Gibson,amanda_gibson@hotmail.com,55155636
C00000873,Tyler,Werner,tyler_werner@outlook.com,54034595
C00000874,Mario,Gutierrez,mario_gutierrez@example.org,27200866
C00000875,Toni,Jones,toni_jones@example.org,62572921
C00000876,Amy,Leonard,amy_leonard@outlook.com,65758440
C00000877,Brian,Green,brian_green@gmail.com,74808816
C00000878,Michael,Baker,michael_baker@hotmail.com,77709011
C00000879,Tanya,Foster,tanya_foster@gmail.com,70240141
C00000880,Stephen,Keller,stephen_keller@example.org,39604041
C00000881,Lisa,Brown,lisa_brown@hotmail.com,59908857
C00000882,Angela,Fowler,angela_fowler@hotmail.com,04635403
C00000883,Morgan,Myers,morgan_myers@hotmail.com,74250536
C00000884,Tamara,Romero,tamara_romero@outlook.com,56184518
C00000885,Emily,Johnson,emily_johnson@gmail.com,95355856
C00000886,Amy,Pratt,amy_pratt@outlook.com,74454409
C00000887,Mark,Caldwell,mark_caldwell@hotmail.com,21646619
C00000888,Willie,Bradley,willie_bradley@gmail.com,25532213
C00000889,Michael,Burke,michael_burke@gmail.com,82740067
C00000890,Jason,Donovan,jason_donovan@example.org,38983245
C00000891,Tommy,Morales,tommy_morales@gmail.com,57799327
C00000892,Daniel,Avila,daniel_avila@gmail.com,56663610
C00000893,Daniel,Silva,daniel_silva@hotmail.com,50569397
C00000894,Jennifer,Silva,jennifer_silva@example.org,22548743
C00000895,Sean,Solis,sean_solis@example.org,69323137
C00000896,Lauren,Bowen,lauren_bowen@outlook.com,64263004
C00000897,Jeremy,Brown,jeremy_brown@gmail.com,88069696
C00000898,Jose,Scott,jose_scott@outlook.com,58444799
C00000899,Kenneth,Perez,kenneth_perez@hotmail.com,81144866
C00000900,Debbie,Williamson,debbie_williamson@outlook.com,67248798
C00000901,Brian,Mathews,brian_mathews@example.org,11034280
C00000902,Kim,Sanders,kim_sanders@hotmail.com,27645711
C00000903,Amanda,Forbes,amanda_forbes@example.org,24213408
C00000904,Stephanie,Smith,stephanie_smith@gmail.com,22673458
C00000905,Richard,Hernandez,richard_hernandez@hotmail.com,69819274
C00000906,Alejandro,Carter,alejandro_carter@hotmail.com,57111043
C00000907,Jonathan,Thompson,jonathan_thompson@example.org,24815974
C00000908,Blake,Ayala,blake_ayala@example.org,70665987
C00000909,Vincent,Garcia,vincent_garcia@gmail.com,96276033
C00000910,Nathan,Brown,nathan_brown@gmail.com,96614507
C00000911,Oscar,Harrell,oscar_harrell@outlook.com,44765942
C00000912,Stacey,Bender,stacey_bender@gmail.com,94565327
C00000913,Linda,Cantrell,linda_cantrell@gmail.com,40305673
C00000914,Tim,George,tim_george@outlook.com,47077757
C00000915,Steven,Burke,steven_burke@outlook.com,34263299
C00000916,Megan,Carter,megan_carter@outlook.com,19267200
C00000917,Debbie,Reynolds,debbie_reynolds@example.org,78667382
C00000918,Timothy,Carter,timothy_carter@example.org,09341151
C00000919,Catherine,Weeks,catherine_weeks@example.org,97101711
C00000920,Kurt,Dawson,kurt_dawson@outlook.com,26794941
C00000921,Ethan,Hill,ethan_hill@outlook.com,33480123
C00000922,Kelsey,Crawford,kelsey_crawford@outlook.com,95290203
C00000923,Richard,Reed,richard_reed@gmail.com,58545794
C00000924,Jon,Smith,jon_smith@outlook.com,82379500
C00000925,Patrick,Jackson,patrick_jackson@gmail.com,04452803
C00000926,Christopher,Moore,christopher_moore@gmail.com,53708929
C00000927,Jeanne,White,jeanne_white@hotmail.com,74532049
C00000928,Greg,Lee,greg_lee@gmail.com,54890695
C00000929,Lisa,Walters,lisa_walters@gmail.com,56503637
C00000930,Jason,Hartman,jason_hartman@outlook.com,13421657
C00000931,Heather,Reynolds,heather_reynolds@gmail.com,31380648
C00000932,Sherri,Gomez,sherri_gomez@gmail.com,96062169
C00000933,Ralph,Johnson,ralph_johnson@hotmail.com,48716730
C00000934,Timothy,Thomas,timothy_thomas@example.org,56462984
C00000935,Daniel,Burgess,daniel_burgess@example.org,48634491
C00000936,Thomas,Williams,thomas_williams@hotmail.com,25305558
C00000937,Michelle,Watson,michelle_watson@hotmail.com,61705259
C00000938,Jonathan,Duncan,jonathan_duncan@outlook.com,48948074
C00000939,Jo,Durham,jo_durham@example.org,50963228
C00000940,John,Pena,john_pena@example.org,82070889
C00000941,Anna,Cervantes,anna_cervantes@hotmail.com,44693123
C00000942,Scott,Marshall,scott_marshall@outlook.com,43396118
C00000943,Dean,Contreras,dean_contreras@hotmail.com,84811623
C00000944,Ryan,Keith,ryan_keith@gmail.com,00008821
C00000945,Jeffrey,Bush,jeffrey_bush@hotmail.com,53245284
C00000946,Haley,Patel,haley_patel@gmail.com,68342930
C00000947,Danielle,Hall,danielle_hall@gmail.com,49882371
C00000948,Emily,Mills,emily_mills@gmail.com,74987644
C00000949,Pamela,Simpson,pamela_simpson@hotmail.com,05748267
C00000950,Sandra,Glass,sandra_glass@example.org,90126019
C00000951,Maria,Rogers,maria_rogers@outlook.com,80976963
C00000952,Ashley,Liu,ashley_liu@hotmail.com,33242030
C00000953,Scott,Abbott,scott_abbott@gmail.com,14118634
C00000954,Angela,Barber,angela_barber@outlook.com,76466642
C00000955,Bonnie,Sanchez,bonnie_sanchez@gmail.com,29247539
C00000956,Ian,Alvarez,ian_alvarez@example.org,14252504
C00000957,Judy,Sanders,judy_sanders@hotmail.com,32352728
C00000958,Bridget,Hayden,bridget_hayden@example.org,39411732
C00000959,Latoya,Gomez,latoya_gomez@hotmail.com,28614708
C00000960,Jessica,Wright,jessica_wright@gmail.com,70247006
C00000961,Aaron,Nelson,aaron_nelson@outlook.com,50162544
C00000962,Michelle,Jones,michelle_jones@outlook.com,19835674
C00000963,Rachel,Barnes,rachel_barnes@hotmail.com,68884069
C00000964,Shane,Higgins,shane_higgins@example.org,10667294
C00000965,Lawrence,Miller,lawrence_miller@outlook.com,26940138
C00000966,Victoria,Quinn,victoria_quinn@gmail.com,07164542
C00000967,Laura,Clements,laura_clements@example.org,58497299
C00000968,Shaun,Williams,shaun_williams@hotmail.com,08503003
C00000969,Cassandra,Sanchez,cassandra_sanchez@example.org,90943308
C00000970,Joseph,Gonzalez,joseph_gonzalez@outlook.com,08653353
C00000971,Lori,Luna,lori_luna@gmail.com,81818904
C00000972,David,Smith,david_smith@gmail.com,44494609
C00000973,Renee,Stewart,renee_stewart@gmail.com,12756134
C00000974,Kyle,Murphy,kyle_murphy@gmail.com,52441154
C00000975,Mary,Herring,mary_herring@gmail.com,25282746
C00000976,Jessica,Rivera,jessica_rivera@hotmail.com,90023838
C00000977,Tony,Brown,tony_brown@example.org,37952675
C00000978,Nicholas,Wilson,nicholas_wilson@example.org,05105118
C00000979,Mark,Montgomery,mark_montgomery@gmail.com,93504370
C00000980,Brenda,Hill,brenda_hill@gmail.com,02312866
C00000981,Lindsey,Patel,lindsey_patel@example.org,15862165
C00000982,Lori,Williams,lori_williams@gmail.com,11336327
C00000983,Melvin,Bryant,melvin_bryant@gmail.com,40766824
C00000984,Melissa,Goodwin,melissa_goodwin@example.org,57612729
C00000985,Melissa,Thompson,melissa_thompson@hotmail.com,28452528
C00000986,Troy,Baker,troy_baker@gmail.com,44581045
C00000987,April,Brown,april_brown@hotmail.com,25882864
C00000988,David,Parker,david_parker@hotmail.com,33056866
C00000989,Cole,Lawrence,cole_lawrence@outlook.com,57214606
C00000990,Ernest,Cordova,ernest_cordova@example.org,31965758
C00000991,Amanda,Rhodes,amanda_rhodes@example.org,49864802
C00000992,Christopher,Sims,christopher_sims@gmail.com,47455719
C00000993,Geoffrey,Hood,geoffrey_hood@gmail.com,60801776
C00000994,Robert,Edwards,robert_edwards@gmail.com,59767791
C00000995,Jason,Hurley,jason_hurley@gmail.com,33727119
C00000996,Christopher,Bell,christopher_bell@example.org,75087808
C00000997,Kimberly,Russell,kimberly_russell@gmail.com,36923320
C00000998,Damon,Vargas,damon_vargas@example.org,76945814
C00000999,Lisa,Woods,lisa_woods@example.org,35293339
C00001000,Jeanette,Newton,jeanette_newton@example.org,45836075
