id,nombres,apellidos,correo,celular
C00000001,Wesley,Gomez,wesley_gomez@hotmail.com,70445727
C00000002,Allen,Holland,allen_holland@gmail.com,96341607
C00000003,Jose,Boyle,jose_boyle@example.org,47773144
C00000004,Travis,Mcmahon,travis_mcmahon@example.org,21788536
C00000005,Vincent,Jones,vincent_jones@example.org,10588635
C00000006,Samantha,Gomez,samantha_gomez@hotmail.com,22790615
C00000007,Michael,Ramos,michael_ramos@example.org,88088097
C00000008,Mario,Patrick,mario_patrick@gmail.com,26781424
C00000009,Ashley,Collins,ashley_collins@gmail.com,11848221
C00000010,Matthew,Edwards,matthew_edwards@example.org,54269812
C00000011,Mary,Cooke,mary_cooke@hotmail.com,37666100
C00000012,Andrea,Jordan,andrea_jordan@outlook.com,04606604
C00000013,Christina,Brooks,christina_brooks@example.org,47291239
C00000014,Kevin,Wade,kevin_wade@example.org,92452659
C00000015,Jason,Murphy,jason_murphy@outlook.com,14574145
C00000016,Jessica,Harris,jessica_harris@example.org,21923850
C00000017,Sarah,Dyer,sarah_dyer@example.org,77054712
C00000018,Kimberly,Martin,kimberly_martin@outlook.com,69211562
C00000019,Kara,Frank,kara_frank@outlook.com,88669810
C00000020,Melissa,Chapman,melissa_chapman@hotmail.com,26056082
C00000021,Jennifer,Howell,jennifer_howell@gmail.com,21613369
C00000022,Juan,Stout,juan_stout@hotmail.com,72819983
C00000023,Raymond,Wong,raymond_wong@example.org,60801953
C00000024,William,Daniels,william_daniels@gmail.com,62746884
C00000025,Tracy,Mills,tracy_mills@outlook.com,62277940
C00000026,Rebecca,Valenzuela,rebecca_valenzuela@example.org,69491426
C00000027,Joseph,Foley,joseph_foley@gmail.com,61364669
C00000028,Robin,Cline,robin_cline@example.org,59166659
C00000029,Joan,Leonard,joan_leonard@hotmail.com,39121305
C00000030,Jasmine,Atkins,jasmine_atkins@gmail.com,61439227
C00000031,Latasha,Nguyen,latasha_nguyen@example.org,23211905
C00000032,William,Woodard,william_woodard@example.org,21890736
C00000033,Anna,Rosario,anna_rosario@hotmail.com,94644019
C00000034,Sandra,Hogan,sandra_hogan@outlook.com,76279418
C00000035,Tara,Mcmillan,tara_mcmillan@hotmail.com,54407712
C00000036,Andrea,Mcdonald,andrea_mcdonald@gmail.com,09101647
C00000037,David,Snow,david_snow@example.org,15036693
C00000038,Kiara,Holmes,kiara_holmes@example.org,63136430
C00000039,Beth,Brennan,beth_brennan@outlook.com,83225943
C00000040,Andrew,Burton,andrew_burton@outlook.com,27817999
C00000041,Max,Vincent,max_vincent@outlook.com,76113929
C00000042,Teresa,Davis,teresa_davis@gmail.com,44861739
C00000043,Susan,Cortez,susan_cortez@hotmail.com,72549162
C00000044,Kenneth,Perkins,kenneth_perkins@hotmail.com,59516669
C00000045,Katherine,Cole,katherine_cole@example.org,74998087
C00000046,Katherine,Hernandez,katherine_hernandez@example.org,78983664
C00000047,Cody,Davis,cody_davis@example.org,93966352
C00000048,Joseph,Blankenship,joseph_blankenship@gmail.com,67983953
C00000049,Andrea,Alvarez,andrea_alvarez@example.org,23400385
C00000050,Edward,Wilson,edward_wilson@outlook.com,73652200
C00000051,Joyce,Knox,joyce_knox@gmail.com,95833711
C00000052,Elizabeth,Keith,elizabeth_keith@gmail.com,39154125
C00000053,Adam,Parsons,adam_parsons@example.org,90346178
C00000054,Cheryl,Fuentes,cheryl_fuentes@example.org,23894803
C00000055,Melissa,Davenport,melissa_davenport@hotmail.com,36113188
C00000056,Anna,Bishop,anna_bishop@hotmail.com,45916109
C00000057,Laura,Villarreal,laura_villarreal@gmail.com,38338255
C00000058,Courtney,Morgan,courtney_morgan@gmail.com,74216735
C00000059,Brandon,Owens,brandon_owens@example.org,15423784
C00000060,Michael,Morales,michael_morales@hotmail.com,03861106
C00000061,Michelle,Bradford,michelle_bradford@outlook.com,22753520
C00000062,Scott,Davis,scott_davis@hotmail.com,12602000
C00000063,Jacqueline,Ward,jacqueline_ward@gmail.com,77314477
C00000064,Mark,Fisher,mark_fisher@hotmail.com,96915586
C00000065,Kaitlyn,Boyer,kaitlyn_boyer@outlook.com,45191649
C00000066,Michael,Brown,michael_brown@hotmail.com,26740657
C00000067,Christopher,Owen,christopher_owen@example.org,77868330
C00000068,Hannah,Hess,hannah_hess@outlook.com,17727133
C00000069,Alex,Jones,alex_jones@example.org,49707690
C00000070,Mary,Rodriguez,mary_rodriguez@example.org,15248269
C00000071,William,Howard,william_howard@example.org,52679634
C00000072,David,Vega,david_vega@gmail.com,10270259
C00000073,Jeffrey,Hill,jeffrey_hill@hotmail.com,90595857
C00000074,Denise,Simpson,denise_simpson@outlook.com,09324850
C00000075,Anthony,Duran,anthony_duran@outlook.com,25474000
C00000076,Teresa,Mckenzie,teresa_mckenzie@gmail.com,81141764
C00000077,Laura,Fischer,laura_fischer@example.org,34015193
C00000078,Clinton,Sanchez,clinton_sanchez@example.org,00336965
C00000079,Adam,Ross,adam_ross@outlook.com,69629542
C00000080,Rose,Sanford,rose_sanford@gmail.com,32657940
C00000081,Andrew,Le,andrew_le@outlook.com,49789490
C00000082,Vicki,Patel,vicki_patel@example.org,31899657
C00000083,Gary,Elliott,gary_elliott@outlook.com,15824473
C00000084,Angela,Williams,angela_williams@gmail.com,50825845
C00000085,Luis,Simpson,luis_simpson@example.org,28352433
C00000086,Cody,Jensen,cody_jensen@example.org,92281095
C00000087,Jonathan,Acosta,jonathan_acosta@example.org,65626257
C00000088,Daniel,Cole,daniel_cole@example.org,44250175
C00000089,Morgan,Glenn,morgan_glenn@example.org,40143600
C00000090,Michelle,Mendoza,michelle_mendoza@outlook.com,02573278
C00000091,Tracy,Morgan,tracy_morgan@outlook.com,85805585
C00000092,Brian,Collins,brian_collins@example.org,06084922
C00000093,Linda,Ross,linda_ross@example.org,42897973
C00000094,Matthew,Wood,matthew_wood@hotmail.com,85741945
C00000095,Shane,Singh,shane_singh@outlook.com,93487538
C00000096,Christopher,Long,christopher_long@outlook.com,65574552
C00000097,Deborah,Evans,deborah_evans@example.org,40937049
C00000098,Carl,Moore,carl_moore@gmail.com,72540008
C00000099,William,Garcia,william_garcia@hotmail.com,61946803
C00000100,Troy,Ford,troy_ford@example.org,86128371
